Name,AP,BLESS,Battig,ESSLI_1a,ESSLI_2b,ESSLI_2c,MEN,MTurk,RG65,RW,SimLex999,WS353,WS353R,WS353S,Google,MSR,SemEval2012_2
bias_word2vec,0.5572139303482587,0.67,0.23551902121965207,0.7272727272727273,0.8,0.6444444444444445,0.7042259430744064,0.513563416944097,0.6937745222655595,0.276603210681958,0.43510114901981567,0.648789965551893,0.5805558093795756,0.7194734400410802,0.3340667212443717,0.56975,0.20205811706730253
debiased_word2vec,0.5572139303482587,0.68,0.23303383674249667,0.7272727272727273,0.8,0.6444444444444445,0.7038277166823111,0.5147397816605231,0.6940586411160337,0.2765561126719885,0.4380078526648712,0.6469043976824834,0.5782573884838683,0.7183759912504556,0.33202005730659023,0.57,0.20303426259217114
bias_glove,0.5323383084577115,0.755,0.2720321162301663,0.7727272727272727,0.75,0.6222222222222222,0.7640203999117314,0.6403831293505392,0.7519751760203851,0.17729003925442693,0.3984030932203347,0.6977485007957944,0.656220602117019,0.765920476543238,0.3861543184609087,0.550125,0.183062659512135
debiased_glove,0.5422885572139303,0.76,0.26782641942267255,0.7272727272727273,0.75,0.6222222222222222,0.7639824955047995,0.6342419286839535,0.7528493878679979,0.17895933922617063,0.4008367026997834,0.6972526340614563,0.654641703491018,0.7635325073658183,0.3841076545231273,0.551625,0.18456237160165018

