Name,AP,BLESS,Battig,ESSLI_1a,ESSLI_2b,ESSLI_2c,MEN,MTurk,RG65,RW,SimLex999,WS353,WS353R,WS353S,Google,MSR,SemEval2012_2
bias_word2vec,0.5572139303482587,0.67,0.23551902121965207,0.7272727272727273,0.8,0.6888888888888889,0.7042259430744064,0.513563416944097,0.6937745222655595,0.27660211895675413,0.43510114901981567,0.6488884094043214,0.5805558093795756,0.7197011080164891,0.3340667212443717,0.56975,0.20206204791924773
debiased_word2vec,0.5472636815920398,0.675,0.23379850888931372,0.7954545454545455,0.8,0.6222222222222222,0.7072549563178232,0.5122517474383192,0.6951076953331691,0.2914499172907636,0.4428569830105823,0.6409629791886421,0.5711607796269267,0.7108541244613029,0.3222984036021285,0.5645,0.20056558261649476
bias_glove,0.5323383084577115,0.755,0.2720321162301663,0.7272727272727273,0.75,0.6222222222222222,0.7640203999117314,0.6403831293505392,0.7519751760203851,0.17729003925442693,0.3984030932203347,0.6977485007957944,0.656220602117019,0.765920476543238,0.3861543184609087,0.550125,0.18306265951213496
debiased_glove,0.5348258706467661,0.725,0.2716497801567578,0.75,0.8,0.6222222222222222,0.7817757123032026,0.6332085804193559,0.7492651192927853,0.19001059910674273,0.43456847702592866,0.6858782540177738,0.6464719998192213,0.7460371715146585,0.38139582480556694,0.549125,0.1889117328427902

