Name,AP,BLESS,Battig,ESSLI_1a,ESSLI_2b,ESSLI_2c,MEN,MTurk,RG65,RW,SimLex999,WS353,WS353R,WS353S,Google,MSR,SemEval2012_2
bias_word2vec,0.5572139303482587,0.67,0.23551902121965207,0.7272727272727273,0.8,0.6444444444444445,0.7042259430744064,0.513563416944097,0.6937745222655595,0.276603210681958,0.43510114901981567,0.6488884094043214,0.5805558093795756,0.7197011080164891,0.3340667212443717,0.56975,0.20202735478009176
debiased_word2vec,0.5348258706467661,0.67,0.23571018925635634,0.8181818181818182,0.775,0.6666666666666667,0.7077541976601638,0.5120809029294382,0.7046147491759589,0.2890410995657426,0.4480034414806835,0.6416866226249716,0.5721581368182123,0.7124601238272882,0.32915472779369626,0.56875,0.2039172972194884
bias_glove,0.5323383084577115,0.755,0.2720321162301663,0.75,0.75,0.6222222222222222,0.7640203069954894,0.6403831293505392,0.7519751760203851,0.17729003925442693,0.3984030932203347,0.6977485007957944,0.656220602117019,0.765920476543238,0.3861543184609087,0.550125,0.18309367194768117
debiased_glove,0.5398009950248757,0.73,0.2643853947619958,0.7272727272727273,0.75,0.6222222222222222,0.774167914821926,0.6340952140445683,0.7548600751175075,0.1820966071828552,0.41997161782906944,0.6917045443390029,0.6487291761974038,0.7582821196361496,0.38211215718379044,0.551125,0.18719674717325352

